Handle,Title,Body (HTML),Vendor,Product Category,Type,Tags,Published,Option1 Name,Option1 Value,Option1 Linked To,Option2 Name,Option2 Value,Option2 Linked To,Option3 Name,Option3 Value,Option3 Linked To,Variant SKU,Variant Grams,Variant Inventory Tracker,Variant Inventory Policy,Variant Fulfillment Service,Variant Price,Variant Compare At Price,Variant Requires Shipping,Variant Taxable,Variant Barcode,Image Src,Image Position,Image Alt Text,Gift Card,SEO Title,SEO Description,Google Shopping / Google Product Category,Google Shopping / Gender,Google Shopping / Age Group,Google Shopping / MPN,Google Shopping / Condition,Google Shopping / Custom Product,Google Shopping / Custom Label 0,Google Shopping / Custom Label 1,Google Shopping / Custom Label 2,Google Shopping / Custom Label 3,Google Shopping / Custom Label 4,Age group (product.metafields.shopify.age-group),Care instructions (product.metafields.shopify.care-instructions),Color (product.metafields.shopify.color-pattern),Fabric (product.metafields.shopify.fabric),Neckline (product.metafields.shopify.neckline),Size (product.metafields.shopify.size),Sleeve length type (product.metafields.shopify.sleeve-length-type),Target gender (product.metafields.shopify.target-gender),Top length type (product.metafields.shopify.top-length-type),Variant Image,Variant Weight Unit,Variant Tax Code,Cost per item,Included / United States,Price / United States,Compare At Price / United States,Status
york-roundtree-100-silk-tie-copy,Blue/Gold 100% Silk Tie,"<p>Meticulously handcrafted in Italy, this Hickey Freeman tie exemplifies superior artisanship using only 100% pure silk. The distinguished construction showcases exceptional drape and texture, hallmarks of authentic Italian craftsmanship. Each piece represents generations of tailoring expertise, offering unparalleled refinement for the discerning gentleman's wardrobe. this premium tie offers exceptional drape and a subtle luster that elevates any formal ensemble. The superior fabric ensures durability while maintaining a luxurious hand-feel. Perfect for professional settings or special occasions where refined elegance is essential.</p>",Blessed&Dressed,Apparel & Accessories > Clothing Accessories > Neckties,Tie,Ties,true,Title,Default Title,,,,,,,,,0.0,shopify,deny,manual,45.00,69.99,true,true,,https://cdn.shopify.com/s/files/1/0604/0410/5259/files/IMG_8673.jpg?v=1748488281,1,"",false,,,,,,,,,,,,,,,,,,,,,,,,lb,,15.00,true,,,active
york-roundtree-100-silk-tie-copy,,,,,,,,,,,,,,,,,,,,,,,,,,,https://cdn.shopify.com/s/files/1/0604/0410/5259/files/IMG_8670.jpg?v=1748488281,2,"",,,,,,,,,,,,,,,,,,,,,,,,,,,,,,,
york-roundtree-100-silk-tie-copy,,,,,,,,,,,,,,,,,,,,,,,,,,,https://cdn.shopify.com/s/files/1/0604/0410/5259/files/IMG_8688.jpg?v=1748486390,3,"",,,,,,,,,,,,,,,,,,,,,,,,,,,,,,,
hickey-freeman-100-silk-tie-copy,Cremieux 100% Silk Tie,"<p>This exquisite Cremieux tie represents the pinnacle of Italian craftsmanship, meticulously hand-constructed in Italy from 100% pure silk. This artisanal production ensures exceptional drape, texture, and dimensional stability that machine-made alternatives cannot replicate. Each piece exhibits the subtle nuances and superior finishing that distinguish authentic Italian luxury accessories in the global market. </p>",Blessed&Dressed,Apparel & Accessories > Clothing Accessories > Neckties,Tie,Ties,true,Title,Default Title,,,,,,,,,0.0,shopify,deny,manual,45.00,69.99,true,true,,https://cdn.shopify.com/s/files/1/0604/0410/5259/files/IMG_8660.jpg?v=1748489099,1,"",false,,,,,,,,,,,,,,,,,,,,,,,,lb,,15.00,true,,,active
hickey-freeman-100-silk-tie-copy,,,,,,,,,,,,,,,,,,,,,,,,,,,https://cdn.shopify.com/s/files/1/0604/0410/5259/files/IMG_8692.jpg?v=1748489099,2,"",,,,,,,,,,,,,,,,,,,,,,,,,,,,,,,
hickey-freeman-100-silk-tie-copy,,,,,,,,,,,,,,,,,,,,,,,,,,,https://cdn.shopify.com/s/files/1/0604/0410/5259/files/IMG_8659.jpg?v=1748489099,3,"",,,,,,,,,,,,,,,,,,,,,,,,,,,,,,,
cremieux-100-silk-tie-copy,Cremieux Cotton/Silk Blend Tie,<p>This distinguished Cremieux tie features a sophisticated cotton/silk blend that combines the breathable structure of cotton with silk's refined luster. The hybrid composition delivers exceptional texture and dimensional stability while maintaining a luxurious hand-feel. The balanced weave creates a versatile accessory appropriate for both formal settings and smart-casual ensembles throughout all four seasons.</p>,Blessed&Dressed,Apparel & Accessories > Clothing Accessories > Neckties,Tie,Ties,true,Title,Default Title,,,,,,,,,0.0,shopify,deny,manual,45.00,69.99,true,true,,https://cdn.shopify.com/s/files/1/0604/0410/5259/files/IMG_8662.jpg?v=1748489395,1,"",false,,,,,,,,,,,,,,,,,,,,,,,,lb,,15.00,true,,,active
cremieux-100-silk-tie-copy,,,,,,,,,,,,,,,,,,,,,,,,,,,https://cdn.shopify.com/s/files/1/0604/0410/5259/files/IMG_8691.jpg?v=1748489395,2,"",,,,,,,,,,,,,,,,,,,,,,,,,,,,,,,
cremieux-100-silk-tie-copy,,,,,,,,,,,,,,,,,,,,,,,,,,,https://cdn.shopify.com/s/files/1/0604/0410/5259/files/IMG_8663.jpg?v=1748489395,3,"",,,,,,,,,,,,,,,,,,,,,,,,,,,,,,,
cremieux-cotton-silk-blend-tie,Cremieux Cotton/Silk Blend Tie,<p>This distinguished Cremieux tie features a sophisticated cotton/silk blend that combines the breathable structure of cotton with silk's refined luster. The hybrid composition delivers exceptional texture and dimensional stability while maintaining a luxurious hand-feel. The balanced weave creates a versatile accessory appropriate for both formal settings and smart-casual ensembles throughout all four seasons.</p>,Blessed&Dressed,Apparel & Accessories > Clothing Accessories > Neckties,Tie,Ties,true,Title,Default Title,,,,,,,,,0.0,shopify,deny,manual,45.00,69.99,true,true,,https://cdn.shopify.com/s/files/1/0604/0410/5259/files/IMG_8655.jpg?v=1748489670,1,"",false,,,,,,,,,,,,,,,,,,,,,,,,lb,,15.00,true,,,active
cremieux-cotton-silk-blend-tie,,,,,,,,,,,,,,,,,,,,,,,,,,,https://cdn.shopify.com/s/files/1/0604/0410/5259/files/IMG_8694.jpg?v=1748486389,2,"",,,,,,,,,,,,,,,,,,,,,,,,,,,,,,,
cremieux-cotton-silk-blend-tie-1,Cremieux Cotton/Silk Blend Tie,<p>This distinguished Cremieux tie features a sophisticated cotton/silk blend that combines the breathable structure of cotton with silk's refined luster. The hybrid composition delivers exceptional texture and dimensional stability while maintaining a luxurious hand-feel. The balanced weave creates a versatile accessory appropriate for both formal settings and smart-casual ensembles throughout all four seasons.</p>,Blessed&Dressed,Apparel & Accessories > Clothing Accessories > Neckties,Tie,Ties,true,Title,Default Title,,,,,,,,,0.0,shopify,deny,manual,45.00,69.99,true,true,,https://cdn.shopify.com/s/files/1/0604/0410/5259/files/IMG_8678.jpg?v=1748489842,1,"",false,,,,,,,,,,,,,,,,,,,,,,,,lb,,15.00,true,,,active
cremieux-cotton-silk-blend-tie-1,,,,,,,,,,,,,,,,,,,,,,,,,,,https://cdn.shopify.com/s/files/1/0604/0410/5259/files/IMG_8679.jpg?v=1748489842,2,"",,,,,,,,,,,,,,,,,,,,,,,,,,,,,,,
cremieux-cotton-silk-blend-tie-1,,,,,,,,,,,,,,,,,,,,,,,,,,,https://cdn.shopify.com/s/files/1/0604/0410/5259/files/IMG_8680.jpg?v=1748489893,3,"",,,,,,,,,,,,,,,,,,,,,,,,,,,,,,,
cremieux-cotton-silk-blend-tie-2,Cremieux Cotton/Silk Blend Tie,<p>This distinguished Cremieux tie features a sophisticated cotton/silk blend that combines the breathable structure of cotton with silk's refined luster. The hybrid composition delivers exceptional texture and dimensional stability while maintaining a luxurious hand-feel. The balanced weave creates a versatile accessory appropriate for both formal settings and smart-casual ensembles throughout all four seasons.</p>,Blessed&Dressed,Apparel & Accessories > Clothing Accessories > Neckties,Tie,Ties,true,Title,Default Title,,,,,,,,,0.0,shopify,deny,manual,45.00,69.99,true,true,,https://cdn.shopify.com/s/files/1/0604/0410/5259/files/IMG_8657.jpg?v=1748487276,1,"",false,,,,,,,,,,,,,,,,,,,,,,,,lb,,15.00,true,,,active
cremieux-cotton-silk-blend-tie-2,,,,,,,,,,,,,,,,,,,,,,,,,,,https://cdn.shopify.com/s/files/1/0604/0410/5259/files/IMG_8693.jpg?v=1748486381,2,"",,,,,,,,,,,,,,,,,,,,,,,,,,,,,,,
dark-green-wool-suit-dax7853,Dark Green Wool Suit- DAX7853,"<p>This Dark Green Wool Suit DAX7853 exemplifies superior craftsmanship, utilizing 100% Huddersfield wool at an optimal 280g weight. The Four-Seasons construction ensures year-round wearability, offering thermal regulation in varying climates while maintaining impeccable drape and resilience. The distinguished dark green hue provides versatile elegance for the discerning gentleman seeking both performance and refined aesthetics.</p>",Blessed&Dressed,Apparel & Accessories > Clothing > Suits,suit,suits,true,Title,Default Title,,,,,,,,"",4000.0,shopify,deny,manual,800.00,1500.00,true,true,"",https://cdn.shopify.com/s/files/1/0604/0410/5259/files/Green1.png?v=1748387792,1,"",false,,,,,,,,,,,,,,adults,,dax-7853; df-0155,wool,,,,male,,,kg,,500.00,true,,,active
dark-green-wool-suit-dax7853,,,,,,,,,,,,,,,,,,,,,,,,,,,https://cdn.shopify.com/s/files/1/0604/0410/5259/files/Green2.png?v=1748387792,2,"",,,,,,,,,,,,,,,,,,,,,,,,,,,,,,,
dark-green-wool-suit-dax7853,,,,,,,,,,,,,,,,,,,,,,,,,,,https://cdn.shopify.com/s/files/1/0604/0410/5259/files/green4.png?v=1748387793,3,"",,,,,,,,,,,,,,,,,,,,,,,,,,,,,,,
dark-green-wool-suit-dax7853,,,,,,,,,,,,,,,,,,,,,,,,,,,https://cdn.shopify.com/s/files/1/0604/0410/5259/files/Green3.png?v=1748387793,4,"",,,,,,,,,,,,,,,,,,,,,,,,,,,,,,,
dark-green-wool-suit-dax7853,,,,,,,,,,,,,,,,,,,,,,,,,,,https://cdn.shopify.com/s/files/1/0604/0410/5259/files/green_5.png?v=1748388038,5,"",,,,,,,,,,,,,,,,,,,,,,,,,,,,,,,
dark-green-wool-suit-dax7853,,,,,,,,,,,,,,,,,,,,,,,,,,,https://cdn.shopify.com/s/files/1/0604/0410/5259/files/green_6.png?v=1748388038,6,"",,,,,,,,,,,,,,,,,,,,,,,,,,,,,,,
double-breasted-navy-birds-eye-fabric-100-wool,Double Breasted Navy bird's eye fabric 100% wool,"<p><span><em><strong>Overseas U series version of the classic British suit, match for the double-breasted and bump barge design, in the visual addition of metal texture buttons, highlighting the characteristics of sophistication and elegance.</strong></em></span></p>
<p><span><em><strong>Single-pleated pants, made of 100% sheep wool fabric, whose advantages include durability, anti-bacterial properties, warmth, soft and delicate touch, moisture wicking and breathability, as well as good skin friendliness. At the same time, the texture of the fabric adds a unique color to the garment.</strong></em></span></p>",Blessed&Dressed,Apparel & Accessories > Clothing > Outerwear > Coats & Jackets > Sport Jackets,suit,"Blue, suits",true,Size,mtm-1,product.metafields.shopify.size,Sleeve length type,long,product.metafields.shopify.sleeve-length-type,,,,"",4000.0,shopify,deny,manual,600.00,1200.00,true,true,"",https://cdn.shopify.com/s/files/1/0604/0410/5259/files/DAY9079_1.jpg?v=1748713641,1,"",false,,,,,,,,,,,,,,,dry-clean-only,,,,mtm-1; 34; 36; 38; 40; 42; 44; 46; 48; 50; 52; 54; long,long,,,,kg,,400.00,true,,,active
double-breasted-navy-birds-eye-fabric-100-wool,,,,,,,,,34,,,long,,,,,"",4000.0,shopify,deny,manual,600.00,1200.00,true,true,"",https://cdn.shopify.com/s/files/1/0604/0410/5259/files/DAY9079_4.jpg?v=1748713639,2,"",,,,,,,,,,,,,,,,,,,,,,,,,kg,,400.00,,,,
double-breasted-navy-birds-eye-fabric-100-wool,,,,,,,,,36,,,long,,,,,"",4000.0,shopify,deny,manual,600.00,1200.00,true,true,"",https://cdn.shopify.com/s/files/1/0604/0410/5259/files/DAY9079_2.jpg?v=1748713643,3,"",,,,,,,,,,,,,,,,,,,,,,,,,kg,,400.00,,,,
double-breasted-navy-birds-eye-fabric-100-wool,,,,,,,,,38,,,long,,,,,"",4000.0,shopify,deny,manual,600.00,1200.00,true,true,"",https://cdn.shopify.com/s/files/1/0604/0410/5259/files/DAY9079_5.jpg?v=1748713643,4,"",,,,,,,,,,,,,,,,,,,,,,,,,kg,,400.00,,,,
double-breasted-navy-birds-eye-fabric-100-wool,,,,,,,,,40,,,long,,,,,"",4000.0,shopify,deny,manual,600.00,1200.00,true,true,"",https://cdn.shopify.com/s/files/1/0604/0410/5259/files/DAY9079_3.jpg?v=1748713642,5,"",,,,,,,,,,,,,,,,,,,,,,,,,kg,,400.00,,,,
double-breasted-navy-birds-eye-fabric-100-wool,,,,,,,,,42,,,long,,,,,"",4000.0,shopify,deny,manual,600.00,1200.00,true,true,"",,,,,,,,,,,,,,,,,,,,,,,,,,,,kg,,400.00,,,,
double-breasted-navy-birds-eye-fabric-100-wool,,,,,,,,,44,,,long,,,,,"",4000.0,shopify,deny,manual,600.00,1200.00,true,true,"",,,,,,,,,,,,,,,,,,,,,,,,,,,,kg,,400.00,,,,
double-breasted-navy-birds-eye-fabric-100-wool,,,,,,,,,46,,,long,,,,,"",4000.0,shopify,deny,manual,600.00,1200.00,true,true,"",,,,,,,,,,,,,,,,,,,,,,,,,,,,kg,,400.00,,,,
double-breasted-navy-birds-eye-fabric-100-wool,,,,,,,,,48,,,long,,,,,"",4000.0,shopify,deny,manual,600.00,1200.00,true,true,"",,,,,,,,,,,,,,,,,,,,,,,,,,,,kg,,400.00,,,,
double-breasted-navy-birds-eye-fabric-100-wool,,,,,,,,,50,,,long,,,,,"",4000.0,shopify,deny,manual,600.00,1200.00,true,true,"",,,,,,,,,,,,,,,,,,,,,,,,,,,,kg,,400.00,,,,
double-breasted-navy-birds-eye-fabric-100-wool,,,,,,,,,52,,,long,,,,,"",4000.0,shopify,deny,manual,600.00,1200.00,true,true,"",,,,,,,,,,,,,,,,,,,,,,,,,,,,kg,,400.00,,,,
double-breasted-navy-birds-eye-fabric-100-wool,,,,,,,,,54,,,long,,,,,"",4000.0,shopify,deny,manual,600.00,1200.00,true,true,"",,,,,,,,,,,,,,,,,,,,,,,,,,,,kg,,400.00,,,,
double-breasted-navy-birds-eye-fabric-100-wool,,,,,,,,,long,,,long,,,,,"",4000.0,shopify,deny,manual,600.00,1200.00,true,true,"",,,,,,,,,,,,,,,,,,,,,,,,,,,,kg,,400.00,,,,
grey-gold-pinstripe-suit,Grey Gold Pinstripe Suit,"<p>Elevate your professional wardrobe with our Grey Gold Pinstripe Suit. This sophisticated ensemble features subtle white pinstripes against a refined grey backdrop, creating a distinguished silhouette that commands attention in any business setting. Expertly tailored for both comfort and style, this suit offers versatility for important meetings, formal events, or upscale occasions.</p>",Blessed&Dressed,Apparel & Accessories > Clothing > Suits,suit,suits,true,Title,Default Title,,,,,,,,"",4000.0,shopify,deny,manual,599.00,900.00,true,true,"",https://cdn.shopify.com/s/files/1/0604/0410/5259/files/BluePinstripe4.jpg?v=1748118217,1,"",false,,,,,,,,,,,,,,,,striped,,,mtm; xs; s; l; xl; 2xl; 4xl; 3xl; 3xs; 2xs; m; 5xl; 0; 6xl,,,,,kg,,300.00,true,,,active
grey-gold-pinstripe-suit,,,,,,,,,,,,,,,,,,,,,,,,,,,https://cdn.shopify.com/s/files/1/0604/0410/5259/files/BluePinstripe3.jpg?v=1748118217,2,"",,,,,,,,,,,,,,,,,,,,,,,,,,,,,,,
grey-gold-pinstripe-suit,,,,,,,,,,,,,,,,,,,,,,,,,,,https://cdn.shopify.com/s/files/1/0604/0410/5259/files/BluePinstripe2.jpg?v=1748118217,3,"",,,,,,,,,,,,,,,,,,,,,,,,,,,,,,,
grey-gold-pinstripe-suit,,,,,,,,,,,,,,,,,,,,,,,,,,,https://cdn.shopify.com/s/files/1/0604/0410/5259/files/BluePinstripe1.jpg?v=1748118206,4,"",,,,,,,,,,,,,,,,,,,,,,,,,,,,,,,
grey-w-blue-windowpane,Grey W/ Blue Windowpane,"<p>Expertly tailored in a sophisticated grey fabric with subtle blue windowpane pattern, this made-to-measure suit offers impeccable fit and refined style. The classic color combination ensures versatility for professional settings while the precise windowpane detail adds distinctive character without overwhelming. Each suit is crafted to your exact measurements for exceptional comfort and silhouette.</p>",Blessed&Dressed,Apparel & Accessories > Clothing > Suits,suit,suits,true,Title,Default Title,,,,,,,,"",4000.0,shopify,deny,manual,599.99,1200.00,true,true,"",https://cdn.shopify.com/s/files/1/0604/0410/5259/files/Greybluewindow1.jpg?v=1748234580,1,"",false,,,,,,,,,,,,,,,,checkered,,,,,,,,kg,,300.00,true,,,active
grey-w-blue-windowpane,,,,,,,,,,,,,,,,,,,,,,,,,,,https://cdn.shopify.com/s/files/1/0604/0410/5259/files/Greybluewindow3.jpg?v=1748234580,2,"",,,,,,,,,,,,,,,,,,,,,,,,,,,,,,,
grey-w-blue-windowpane,,,,,,,,,,,,,,,,,,,,,,,,,,,https://cdn.shopify.com/s/files/1/0604/0410/5259/files/Greybluewindow2.jpg?v=1748234580,3,"",,,,,,,,,,,,,,,,,,,,,,,,,,,,,,,
grey-w-pinstripe,Grey W/ Pinstripe,"<p>Elevate your professional wardrobe with our distinguished Grey W/ Pinstripe made-to-measure suit. Meticulously tailored to your exact specifications, this classic design features subtle pinstriping that elongates your silhouette while projecting confidence and sophistication. The versatile grey tone transitions seamlessly from boardroom meetings to formal evening events, ensuring maximum versatility from your investment.</p>",Blessed&Dressed,Apparel & Accessories > Clothing > Suits,suit,suits,true,Title,Default Title,,,,,,,,,4000.0,shopify,deny,manual,599.99,1200.00,true,true,,https://cdn.shopify.com/s/files/1/0604/0410/5259/files/greypin1.jpg?v=1748494041,1,"",false,,,,,,,,,,,,,,,,checkered,,,,,,,,kg,,300.00,true,,,active
grey-w-pinstripe,,,,,,,,,,,,,,,,,,,,,,,,,,,https://cdn.shopify.com/s/files/1/0604/0410/5259/files/greypin4.jpg?v=1748494041,2,"",,,,,,,,,,,,,,,,,,,,,,,,,,,,,,,
grey-w-pinstripe,,,,,,,,,,,,,,,,,,,,,,,,,,,https://cdn.shopify.com/s/files/1/0604/0410/5259/files/greypin3_4d2f23a1-ab41-4cee-b14b-776906256e5b.jpg?v=1748494041,3,"",,,,,,,,,,,,,,,,,,,,,,,,,,,,,,,
grey-w-pinstripe,,,,,,,,,,,,,,,,,,,,,,,,,,,https://cdn.shopify.com/s/files/1/0604/0410/5259/files/greypin3.jpg?v=1748494041,4,"",,,,,,,,,,,,,,,,,,,,,,,,,,,,,,,
hickey-freeman-100-silk-tie,Hickey Freeman 100% Silk Tie,"<p>Meticulously handcrafted in Italy, this Hickey Freeman tie exemplifies superior artisanship using only 100% pure silk. The distinguished construction showcases exceptional drape and texture, hallmarks of authentic Italian craftsmanship. Each piece represents generations of tailoring expertise, offering unparalleled refinement for the discerning gentleman's wardrobe. this premium tie offers exceptional drape and a subtle luster that elevates any formal ensemble. The superior fabric ensures durability while maintaining a luxurious hand-feel. Perfect for professional settings or special occasions where refined elegance is essential.</p>",Blessed&Dressed,Apparel & Accessories > Clothing Accessories > Neckties,Tie,Ties,true,Title,Default Title,,,,,,,,,0.0,shopify,deny,manual,45.00,69.99,true,true,,https://cdn.shopify.com/s/files/1/0604/0410/5259/files/IMG_8667.jpg?v=1748488746,1,"",false,,,,,,,,,,,,,,,,,,,,,,,,lb,,15.00,true,,,active
hickey-freeman-100-silk-tie,,,,,,,,,,,,,,,,,,,,,,,,,,,https://cdn.shopify.com/s/files/1/0604/0410/5259/files/IMG_8666.jpg?v=1748488746,2,"",,,,,,,,,,,,,,,,,,,,,,,,,,,,,,,
hickey-freeman-100-silk-tie,,,,,,,,,,,,,,,,,,,,,,,,,,,https://cdn.shopify.com/s/files/1/0604/0410/5259/files/IMG_8664.jpg?v=1748488746,3,"",,,,,,,,,,,,,,,,,,,,,,,,,,,,,,,
hickey-freeman-100-silk-tie,,,,,,,,,,,,,,,,,,,,,,,,,,,https://cdn.shopify.com/s/files/1/0604/0410/5259/files/IMG_8689.jpg?v=1748486383,4,"",,,,,,,,,,,,,,,,,,,,,,,,,,,,,,,
hickey-freeman-100-silk-tie-1,Hickey Freeman 100% Silk Tie,"<p>Meticulously handcrafted in Italy, this Hickey Freeman tie exemplifies superior artisanship using only 100% pure silk. The distinguished construction showcases exceptional drape and texture, hallmarks of authentic Italian craftsmanship. Each piece represents generations of tailoring expertise, offering unparalleled refinement for the discerning gentleman's wardrobe. this premium tie offers exceptional drape and a subtle luster that elevates any formal ensemble. The superior fabric ensures durability while maintaining a luxurious hand-feel. Perfect for professional settings or special occasions where refined elegance is essential.</p>",Blessed&Dressed,Apparel & Accessories > Clothing Accessories > Neckties,Tie,Ties,true,Title,Default Title,,,,,,,,,0.0,shopify,deny,manual,45.00,69.99,true,true,,https://cdn.shopify.com/s/files/1/0604/0410/5259/files/IMG_8682.jpg?v=1748487164,1,"",false,,,,,,,,,,,,,,,,,,,,,,,,lb,,15.00,true,,,active
hickey-freeman-100-silk-tie-1,,,,,,,,,,,,,,,,,,,,,,,,,,,https://cdn.shopify.com/s/files/1/0604/0410/5259/files/IMG_8685.jpg?v=1748487164,2,"",,,,,,,,,,,,,,,,,,,,,,,,,,,,,,,
hickey-freeman-100-silk-tie-1,,,,,,,,,,,,,,,,,,,,,,,,,,,https://cdn.shopify.com/s/files/1/0604/0410/5259/files/IMG_8684.jpg?v=1748487163,3,"",,,,,,,,,,,,,,,,,,,,,,,,,,,,,,,
hickey-freeman-100-silk-tie-1,,,,,,,,,,,,,,,,,,,,,,,,,,,https://cdn.shopify.com/s/files/1/0604/0410/5259/files/IMG_8681.jpg?v=1748487155,4,"",,,,,,,,,,,,,,,,,,,,,,,,,,,,,,,
hickey-freeman-100-silk-tie-1,,,,,,,,,,,,,,,,,,,,,,,,,,,https://cdn.shopify.com/s/files/1/0604/0410/5259/files/IMG_8690.jpg?v=1748486390,5,"",,,,,,,,,,,,,,,,,,,,,,,,,,,,,,,
imported-flamenco-linen-long-sleeve-shirt,Imported FLAMENCO linen Long Sleeve Shirt,"<p>Expertly tailored with a classic Mandarin collar and rounded natural shoulders, this garment exemplifies superior craftsmanship. Concealed hooks at the placket's base ensure long-term shape retention, while specialized processing techniques enhance the collar, placket, and cuffs. Crafted from imported FLAMENCO linen, the fabric offers antibacterial properties and exceptional breathability for optimal comfort throughout wear.</p>",Blessed&Dressed,Apparel & Accessories > Clothing > Clothing Tops > Shirts,"","",true,Title,Default Title,,,,,,,,"",1000.0,shopify,deny,manual,130.00,175.00,true,true,"",https://cdn.shopify.com/s/files/1/0604/0410/5259/files/ImportedFLAMENCOlinen3.jpg?v=1748392420,1,"",false,,,,,,,,,,,,,,,,snn-0167; snn-0009,linen,mandarin,,,,long,,kg,,85.00,true,,,active
imported-flamenco-linen-long-sleeve-shirt,,,,,,,,,,,,,,,,,,,,,,,,,,,https://cdn.shopify.com/s/files/1/0604/0410/5259/files/ImportedFLAMENCOlinen2.jpg?v=1748392421,2,"",,,,,,,,,,,,,,,,,,,,,,,,,,,,,,,
imported-flamenco-linen-long-sleeve-shirt,,,,,,,,,,,,,,,,,,,,,,,,,,,https://cdn.shopify.com/s/files/1/0604/0410/5259/files/ImportedFLAMENCOlinen1.png?v=1748392420,3,"",,,,,,,,,,,,,,,,,,,,,,,,,,,,,,,
product-customizer-item-customizations,Item Customizations,"<p style=""color: red; font-weight: bold;"">*** DO NOT MODIFY THE PRICE ($0.01) OF THIS PRODUCT! This is a hidden product used by Product Customizer to power up-charge pricing logic. ***</p>
      <p>In order to add priced options to the cart, this product must be <strong>Visible </strong>in the
      Online Store and set to <strong>Don't Track Inventory</strong>.
      <span style=""color: #ff0000;"">Modifying these settings may prevent your shoppers from checking out.</span></p>
      <p>You may safely update the default <em>Title</em> and <em>Image</em> to better suit your shop.</p>
      <p>TO REMOVE ADD TO CART BUTTON from this product (optional):</p>
      <ol>
        <li>Go to Products in your Shopify admin</li>
        <li>Click the name of the product</li>
        <li>In the Theme template section, click the drop-down menu</li>
        <li>Select the not-for-sale template</li>
        <li>Click Save</li>
      </ol>
      <p>For questions, please <span style=""color: #0000ff;"">
      <a href=""https://intercom.help/product-customizer/"" target=""_blank"" style=""color: #0000ff;"">contact us</a>
      </span>.</p>",Blessed&Dressed,Software > Computer Software > Business & Productivity Software,SHOPSTORM_HIDDEN_PRODUCT,"",false,Title,Default Title,,,,,,,,,0.0,,deny,manual,0.01,,false,true,,https://cdn.shopify.com/s/files/1/0604/0410/5259/files/dashboard-logo-f9d0b2ed304842f26af30d4440dc9be4695dee70d2c77732fea5ce97c143337e.png?v=1748484605,1,"",false,,,,,,,,,,,,,,,,,,,,,,,,lb,,,true,,,draft
jz-richards,JZ Richards,"<p>Meticulously crafted from 100% pure silk, this JZ Richards tie exemplifies American craftsmanship at its finest. Each piece is handmade in the USA with precision and attention to detail, ensuring superior drape and knot formation. The premium silk construction offers a subtle luster that elevates any formal or business attire with sophisticated elegance.</p>",Blessed&Dressed,Apparel & Accessories > Clothing Accessories > Neckties,Tie,Ties,true,Title,Default Title,,,,,,,,"",0.0,shopify,deny,manual,59.99,95.00,true,true,"",https://cdn.shopify.com/s/files/1/0604/0410/5259/files/IMG_8677.jpg?v=1748487163,1,"",false,,,,,,,,,,,,,,,,geometric,silk,,,,,,,lb,,35.00,true,,,active
jz-richards,,,,,,,,,,,,,,,,,,,,,,,,,,,https://cdn.shopify.com/s/files/1/0604/0410/5259/files/IMG_8676.jpg?v=1748487163,2,"",,,,,,,,,,,,,,,,,,,,,,,,,,,,,,,
jz-richards,,,,,,,,,,,,,,,,,,,,,,,,,,,https://cdn.shopify.com/s/files/1/0604/0410/5259/files/IMG_8687.jpg?v=1748486389,3,"",,,,,,,,,,,,,,,,,,,,,,,,,,,,,,,
jz-richards,,,,,,,,,,,,,,,,,,,,,,,,,,,https://cdn.shopify.com/s/files/1/0604/0410/5259/files/IMG_8675.jpg?v=1748487257,4,"",,,,,,,,,,,,,,,,,,,,,,,,,,,,,,,
long-sleeve-cotton-formal-shirt,Long Sleeve Cotton Formal Shirt,"<p>This premium 100% Imported Flamenco Cotton shirt represents the pinnacle of bespoke tailoring. Each made-to-measure garment is meticulously crafted to your exact specifications, ensuring impeccable fit and comfort. The distinguished Flamenco cotton provides exceptional breathability, structural integrity, and a refined hand feel that elevates with wear. An investment-grade wardrobe essential for the discerning gentleman.</p>",Blessed&Dressed,Apparel & Accessories > Clothing > Clothing Tops > Shirts,"","",true,Color,saw-2736,product.metafields.shopify.color-pattern,,,,,,,"",1000.0,shopify,deny,manual,130.00,175.00,true,true,"",https://cdn.shopify.com/s/files/1/0604/0410/5259/files/SAW2395Flamencoshirt1.jpg?v=1748393559,1,"",false,,,,,,,,,,,,,,adults,,saw-2736; snn-0087; snn-0083,sax-667-a,,,,male,,,kg,,85.00,true,,,active
long-sleeve-cotton-formal-shirt,,,,,,,,,snn-0087,,,,,,,,"",1000.0,shopify,deny,manual,130.00,175.00,true,true,"",https://cdn.shopify.com/s/files/1/0604/0410/5259/files/SAW2395Flamencoshirt2.jpg?v=1748393559,2,"",,,,,,,,,,,,,,,,,,,,,,,,,kg,,85.00,,,,
long-sleeve-cotton-formal-shirt,,,,,,,,,snn-0083,,,,,,,,"",1000.0,shopify,deny,manual,130.00,175.00,true,true,"",https://cdn.shopify.com/s/files/1/0604/0410/5259/files/Flamencoshirt3.jpg?v=1748393559,3,"",,,,,,,,,,,,,,,,,,,,,,,,,kg,,85.00,,,,
custom-mtm-mens-dr,Longe Sleeve Active Dress Shirt,"<p>Expertly crafted for the perfect fit and maximum comfort, this MTM dress shirt is made with 92% cotton and 8% spandex for a breathable and flexible wear. This combination of premium materials allows you to look and feel your best all day long.</p>",My Store,Apparel & Accessories > Clothing > Clothing Tops > Shirts,Custom Shirt,"",true,Color,green,product.metafields.shopify.color-pattern,,,,,,,"",0.0,shopify,deny,manual,85.00,125.00,true,true,"",https://cdn.shopify.com/s/files/1/0604/0410/5259/files/Screenshot_2-5-2025_15659_resource.kutetailor.com.jpg?v=1746216569,1,"",false,,,,,,,,,,,,,,all-ages,,green; blue; checkered,,,xs; s; l; xl; 2xl; 3xl; 4xl; mtm,,male,,,lb,,60.00,true,,,active
custom-mtm-mens-dr,,,,,,,,,blue,,,,,,,,"",0.0,shopify,deny,manual,85.00,125.00,true,true,"",https://cdn.shopify.com/s/files/1/0604/0410/5259/files/Screenshot_2-5-2025_151118_resource.kutetailor.com.jpg?v=1746216692,2,"",,,,,,,,,,,,,,,,,,,,,,,,,lb,,60.00,,,,
custom-mtm-mens-dr,,,,,,,,,checkered,,,,,,,,"",0.0,shopify,deny,manual,85.00,125.00,true,true,"",https://cdn.shopify.com/s/files/1/0604/0410/5259/files/Product_1.png?v=1746216739,3,"",,,,,,,,,,,,,,,,,,,,,,,,,lb,,60.00,,,,
mens-long-sleeve-mtm-shirt-sax681a-sax667a,Men's Long Sleeve MTM Shirt (SAX681A-SAX667A),"<p>Natural flex and body-friendly, this Men's Long Sleeve MTM Shirt delivers superior comfort with every wear. Part of our distinguished U jacket collection, it features an upgraded softer, environmental chest canvas that prioritizes both your comfort and ecological consciousness. Designed with a high gorge and Italian casual lapel with no shoulder pad, this shirt offers a refined silhouette while maintaining a relaxed fit. Available in standard sizes with precise finished measurements for a tailored experience.</p>",Blessed&Dressed,Apparel & Accessories > Clothing > Clothing Tops > Shirts,"","",true,Color,sax-681-a,product.metafields.shopify.color-pattern,,,,,,,"",1000.0,shopify,deny,manual,75.00,,true,true,"",https://cdn.shopify.com/s/files/1/0604/0410/5259/files/Browstripedshirt.jpg?v=1748389470,1,"",false,,,,,,,,,,,,,,adults,,sax-681-a; striped,sax-667-a; canvas,,mtm-1,,male,long,,kg,,,true,,,active
mens-long-sleeve-mtm-shirt-sax681a-sax667a,,,,,,,,,striped,,,,,,,,"",1000.0,shopify,deny,manual,75.00,120.00,true,true,"",https://cdn.shopify.com/s/files/1/0604/0410/5259/files/Brownstripedshirt2.jpg?v=1748389470,2,"",,,,,,,,,,,,,,,,,,,,,,,,https://cdn.shopify.com/s/files/1/0604/0410/5259/files/Browstripedshirt.jpg?v=1748389470,kg,,50.00,,,,
mens-long-sleeve-mtm-shirt-sax681a-sax667a,,,,,,,,,,,,,,,,,,,,,,,,,,,https://cdn.shopify.com/s/files/1/0604/0410/5259/files/Brownstripedshirt3.jpg?v=1748389470,3,"",,,,,,,,,,,,,,,,,,,,,,,,,,,,,,,
navy-blue-w-white-pinstripe-suit,Navy Blue W/ White Pinstripe Suit,"<p>Elevate your professional wardrobe with our Grey Gold Pinstripe Suit. This sophisticated ensemble features subtle gold pinstripes against a refined grey backdrop, creating a distinguished silhouette that commands attention in any business setting. Expertly tailored for both comfort and style, this suit offers versatility for important meetings, formal events, or upscale occasions.</p>",Blessed&Dressed,Apparel & Accessories > Clothing > Suits,suit,suits,true,Title,Default Title,,,,,,,,,4000.0,shopify,deny,manual,599.00,900.00,true,true,,https://cdn.shopify.com/s/files/1/0604/0410/5259/files/Grey_Gold_Pinstripe_1.jpg?v=1748121256,1,"",false,,,,,,,,,,,,,,,,striped,,,mtm; xs; s; l; xl; 2xl; 4xl; 3xl; 3xs; 2xs; m; 5xl; 0; 6xl,,,,,kg,,300.00,true,,,active
navy-blue-w-white-pinstripe-suit,,,,,,,,,,,,,,,,,,,,,,,,,,,https://cdn.shopify.com/s/files/1/0604/0410/5259/files/Grey_Gold_Pinstripe_2.jpg?v=1748121256,2,"",,,,,,,,,,,,,,,,,,,,,,,,,,,,,,,
navy-blue-w-white-pinstripe-suit,,,,,,,,,,,,,,,,,,,,,,,,,,,https://cdn.shopify.com/s/files/1/0604/0410/5259/files/Grey_Gold_Pinstripe_3.jpg?v=1748121256,3,"",,,,,,,,,,,,,,,,,,,,,,,,,,,,,,,
navy-blue-w-white-pinstripe-suit,,,,,,,,,,,,,,,,,,,,,,,,,,,https://cdn.shopify.com/s/files/1/0604/0410/5259/files/Grey_Gold_Pinstripe_4.jpg?v=1748121256,4,"",,,,,,,,,,,,,,,,,,,,,,,,,,,,,,,
single-breasted-100-super-120s-wool-copy,Single Breasted 100% Super 120's Wool,"<p>Crafted from premium Guabello 100% Super 120's wool, this single-breasted suit exemplifies business sophistication with remarkable functionality. The U series design features lightweight, eco-friendly chest lining with superior resilience and upgraded soft pocket fabric. The innovative collar core canvas enhances comfort while maintaining structure. Pants feature a clean pleatless design with straight bottom placket, no belt loops, and distinctive square extension. This exceptional wool fabric delivers optimal moisture-wicking properties and thermal regulation, making it particularly suitable for spring and summer wear while maintaining a refined texture and professional appearance.</p>",Blessed&Dressed,Apparel & Accessories > Clothing > Outerwear > Coats & Jackets > Sport Jackets,suit,"Blue, suits",true,Size,mtm-1,product.metafields.shopify.size,Sleeve length type,long,product.metafields.shopify.sleeve-length-type,Fabric,day-4305,product.metafields.shopify.fabric,,4000.0,shopify,deny,manual,599.99,1200.00,true,true,,https://cdn.shopify.com/s/files/1/0604/0410/5259/files/DAY4306_1.png?v=1748723740,1,"",false,,,,,,,,,,,,,,,dry-clean-only,,day-4305; day-4306; day-4307,,mtm-1; 34; 36; 38; 40; 42; 44; 46; 48; 50; 52; 54; long,long,,,,kg,,400.00,true,,,active
single-breasted-100-super-120s-wool-copy,,,,,,,,,mtm-1,,,long,,,day-4306,,,4000.0,shopify,deny,manual,599.99,1200.00,true,true,"",https://cdn.shopify.com/s/files/1/0604/0410/5259/files/DAY4306_3.png?v=1748723739,2,"",,,,,,,,,,,,,,,,,,,,,,,,,kg,,400.00,,,,
single-breasted-100-super-120s-wool-copy,,,,,,,,,mtm-1,,,long,,,day-4307,,,4000.0,shopify,deny,manual,599.99,1200.00,true,true,"",https://cdn.shopify.com/s/files/1/0604/0410/5259/files/DAY4306_2.png?v=1748723742,3,"",,,,,,,,,,,,,,,,,,,,,,,,,kg,,400.00,,,,
single-breasted-100-super-120s-wool-copy,,,,,,,,,34,,,long,,,day-4305,,,4000.0,shopify,deny,manual,599.99,1200.00,true,true,,https://cdn.shopify.com/s/files/1/0604/0410/5259/files/DAY4305_Swatch.jpg?v=1748723749,4,"",,,,,,,,,,,,,,,,,,,,,,,,,kg,,400.00,,,,
single-breasted-100-super-120s-wool-copy,,,,,,,,,34,,,long,,,day-4306,,,4000.0,shopify,deny,manual,599.99,1200.00,true,true,"",https://cdn.shopify.com/s/files/1/0604/0410/5259/files/DAY4306_swatch.jpg?v=1748723749,5,"",,,,,,,,,,,,,,,,,,,,,,,,,kg,,400.00,,,,
single-breasted-100-super-120s-wool-copy,,,,,,,,,34,,,long,,,day-4307,,,4000.0,shopify,deny,manual,599.99,1200.00,true,true,"",https://cdn.shopify.com/s/files/1/0604/0410/5259/files/DAY4307_Swatch.jpg?v=1748723749,6,"",,,,,,,,,,,,,,,,,,,,,,,,,kg,,400.00,,,,
single-breasted-100-super-120s-wool-copy,,,,,,,,,36,,,long,,,day-4305,,,4000.0,shopify,deny,manual,599.99,1200.00,true,true,,,,,,,,,,,,,,,,,,,,,,,,,,,,,kg,,400.00,,,,
single-breasted-100-super-120s-wool-copy,,,,,,,,,36,,,long,,,day-4306,,,4000.0,shopify,deny,manual,599.99,1200.00,true,true,"",,,,,,,,,,,,,,,,,,,,,,,,,,,,kg,,400.00,,,,
single-breasted-100-super-120s-wool-copy,,,,,,,,,36,,,long,,,day-4307,,,4000.0,shopify,deny,manual,599.99,1200.00,true,true,"",,,,,,,,,,,,,,,,,,,,,,,,,,,,kg,,400.00,,,,
single-breasted-100-super-120s-wool-copy,,,,,,,,,38,,,long,,,day-4305,,,4000.0,shopify,deny,manual,599.99,1200.00,true,true,,,,,,,,,,,,,,,,,,,,,,,,,,,,,kg,,400.00,,,,
single-breasted-100-super-120s-wool-copy,,,,,,,,,38,,,long,,,day-4306,,,4000.0,shopify,deny,manual,599.99,1200.00,true,true,"",,,,,,,,,,,,,,,,,,,,,,,,,,,,kg,,400.00,,,,
single-breasted-100-super-120s-wool-copy,,,,,,,,,38,,,long,,,day-4307,,,4000.0,shopify,deny,manual,599.99,1200.00,true,true,"",,,,,,,,,,,,,,,,,,,,,,,,,,,,kg,,400.00,,,,
single-breasted-100-super-120s-wool-copy,,,,,,,,,40,,,long,,,day-4305,,,4000.0,shopify,deny,manual,599.99,1200.00,true,true,,,,,,,,,,,,,,,,,,,,,,,,,,,,,kg,,400.00,,,,
single-breasted-100-super-120s-wool-copy,,,,,,,,,40,,,long,,,day-4306,,,4000.0,shopify,deny,manual,599.99,1200.00,true,true,"",,,,,,,,,,,,,,,,,,,,,,,,,,,,kg,,400.00,,,,
single-breasted-100-super-120s-wool-copy,,,,,,,,,40,,,long,,,day-4307,,,4000.0,shopify,deny,manual,599.99,1200.00,true,true,"",,,,,,,,,,,,,,,,,,,,,,,,,,,,kg,,400.00,,,,
single-breasted-100-super-120s-wool-copy,,,,,,,,,42,,,long,,,day-4305,,,4000.0,shopify,deny,manual,599.99,1200.00,true,true,,,,,,,,,,,,,,,,,,,,,,,,,,,,,kg,,400.00,,,,
single-breasted-100-super-120s-wool-copy,,,,,,,,,42,,,long,,,day-4306,,,4000.0,shopify,deny,manual,599.99,1200.00,true,true,"",,,,,,,,,,,,,,,,,,,,,,,,,,,,kg,,400.00,,,,
single-breasted-100-super-120s-wool-copy,,,,,,,,,42,,,long,,,day-4307,,,4000.0,shopify,deny,manual,599.99,1200.00,true,true,"",,,,,,,,,,,,,,,,,,,,,,,,,,,,kg,,400.00,,,,
single-breasted-100-super-120s-wool-copy,,,,,,,,,44,,,long,,,day-4305,,,4000.0,shopify,deny,manual,599.99,1200.00,true,true,,,,,,,,,,,,,,,,,,,,,,,,,,,,,kg,,400.00,,,,
single-breasted-100-super-120s-wool-copy,,,,,,,,,44,,,long,,,day-4306,,,4000.0,shopify,deny,manual,599.99,1200.00,true,true,"",,,,,,,,,,,,,,,,,,,,,,,,,,,,kg,,400.00,,,,
single-breasted-100-super-120s-wool-copy,,,,,,,,,44,,,long,,,day-4307,,,4000.0,shopify,deny,manual,599.99,1200.00,true,true,"",,,,,,,,,,,,,,,,,,,,,,,,,,,,kg,,400.00,,,,
single-breasted-100-super-120s-wool-copy,,,,,,,,,46,,,long,,,day-4305,,,4000.0,shopify,deny,manual,599.99,1200.00,true,true,,,,,,,,,,,,,,,,,,,,,,,,,,,,,kg,,400.00,,,,
single-breasted-100-super-120s-wool-copy,,,,,,,,,46,,,long,,,day-4306,,,4000.0,shopify,deny,manual,599.99,1200.00,true,true,"",,,,,,,,,,,,,,,,,,,,,,,,,,,,kg,,400.00,,,,
single-breasted-100-super-120s-wool-copy,,,,,,,,,46,,,long,,,day-4307,,,4000.0,shopify,deny,manual,599.99,1200.00,true,true,"",,,,,,,,,,,,,,,,,,,,,,,,,,,,kg,,400.00,,,,
single-breasted-100-super-120s-wool-copy,,,,,,,,,48,,,long,,,day-4305,,,4000.0,shopify,deny,manual,599.99,1200.00,true,true,,,,,,,,,,,,,,,,,,,,,,,,,,,,,kg,,400.00,,,,
single-breasted-100-super-120s-wool-copy,,,,,,,,,48,,,long,,,day-4306,,,4000.0,shopify,deny,manual,599.99,1200.00,true,true,"",,,,,,,,,,,,,,,,,,,,,,,,,,,,kg,,400.00,,,,
single-breasted-100-super-120s-wool-copy,,,,,,,,,48,,,long,,,day-4307,,,4000.0,shopify,deny,manual,599.99,1200.00,true,true,"",,,,,,,,,,,,,,,,,,,,,,,,,,,,kg,,400.00,,,,
single-breasted-100-super-120s-wool-copy,,,,,,,,,50,,,long,,,day-4305,,,4000.0,shopify,deny,manual,599.99,1200.00,true,true,,,,,,,,,,,,,,,,,,,,,,,,,,,,,kg,,400.00,,,,
single-breasted-100-super-120s-wool-copy,,,,,,,,,50,,,long,,,day-4306,,,4000.0,shopify,deny,manual,599.99,1200.00,true,true,"",,,,,,,,,,,,,,,,,,,,,,,,,,,,kg,,400.00,,,,
single-breasted-100-super-120s-wool-copy,,,,,,,,,50,,,long,,,day-4307,,,4000.0,shopify,deny,manual,599.99,1200.00,true,true,"",,,,,,,,,,,,,,,,,,,,,,,,,,,,kg,,400.00,,,,
single-breasted-100-super-120s-wool-copy,,,,,,,,,52,,,long,,,day-4305,,,4000.0,shopify,deny,manual,599.99,1200.00,true,true,,,,,,,,,,,,,,,,,,,,,,,,,,,,,kg,,400.00,,,,
single-breasted-100-super-120s-wool-copy,,,,,,,,,52,,,long,,,day-4306,,,4000.0,shopify,deny,manual,599.99,1200.00,true,true,"",,,,,,,,,,,,,,,,,,,,,,,,,,,,kg,,400.00,,,,
single-breasted-100-super-120s-wool-copy,,,,,,,,,52,,,long,,,day-4307,,,4000.0,shopify,deny,manual,599.99,1200.00,true,true,"",,,,,,,,,,,,,,,,,,,,,,,,,,,,kg,,400.00,,,,
single-breasted-100-super-120s-wool-copy,,,,,,,,,54,,,long,,,day-4305,,,4000.0,shopify,deny,manual,599.99,1200.00,true,true,,,,,,,,,,,,,,,,,,,,,,,,,,,,,kg,,400.00,,,,
single-breasted-100-super-120s-wool-copy,,,,,,,,,54,,,long,,,day-4306,,,4000.0,shopify,deny,manual,599.99,1200.00,true,true,"",,,,,,,,,,,,,,,,,,,,,,,,,,,,kg,,400.00,,,,
single-breasted-100-super-120s-wool-copy,,,,,,,,,54,,,long,,,day-4307,,,4000.0,shopify,deny,manual,599.99,1200.00,true,true,"",,,,,,,,,,,,,,,,,,,,,,,,,,,,kg,,400.00,,,,
single-breasted-100-super-120s-wool-copy,,,,,,,,,long,,,long,,,day-4305,,,4000.0,shopify,deny,manual,599.99,1200.00,true,true,,,,,,,,,,,,,,,,,,,,,,,,,,,,,kg,,400.00,,,,
single-breasted-100-super-120s-wool-copy,,,,,,,,,long,,,long,,,day-4306,,,4000.0,shopify,deny,manual,599.99,1200.00,true,true,"",,,,,,,,,,,,,,,,,,,,,,,,,,,,kg,,400.00,,,,
single-breasted-100-super-120s-wool-copy,,,,,,,,,long,,,long,,,day-4307,,,4000.0,shopify,deny,manual,599.99,1200.00,true,true,"",,,,,,,,,,,,,,,,,,,,,,,,,,,,kg,,400.00,,,,
double-breasted-navy-birds-eye-fabric-100-wool-copy,Single Breasted Plaid 100% Super 120's Wool,"<p>Expertly tailored from 100% wool, this single-breasted plaid suit features a classic notch lapel with left buttonhole. Enhanced with pic stitching for superior structure and durability, the fabric offers natural elasticity and warmth while remaining soft against the skin. The sophisticated design includes side-directed double pleats for dimension, horizontal front pleat stops for stability, and TZ resin waist lining for a crisp, refined silhouette. Machine washable without compromising its gentlemanly aesthetic.</p>",Blessed&Dressed,Apparel & Accessories > Clothing > Outerwear > Coats & Jackets > Sport Jackets,suit,"Blue, suits",true,Size,mtm-1,product.metafields.shopify.size,Sleeve length type,long,product.metafields.shopify.sleeve-length-type,Fabric,dbu-038-a,product.metafields.shopify.fabric,,4000.0,shopify,deny,manual,599.99,1200.00,true,true,"",https://cdn.shopify.com/s/files/1/0604/0410/5259/files/DBU038A5.jpg?v=1748714261,1,"",false,,,,,,,,,,,,,,,dry-clean-only,,dbu-038-a; dbu-037-a,,mtm-1; 34; 36; 38; 40; 42; 44; 46; 48; 50; 52; 54; long,long,,,,kg,,400.00,true,,,active
double-breasted-navy-birds-eye-fabric-100-wool-copy,,,,,,,,,mtm-1,,,long,,,dbu-037-a,,,4000.0,shopify,deny,manual,599.99,1200.00,true,true,"",https://cdn.shopify.com/s/files/1/0604/0410/5259/files/DBU038A4.jpg?v=1748714261,2,"",,,,,,,,,,,,,,,,,,,,,,,,,kg,,400.00,,,,
double-breasted-navy-birds-eye-fabric-100-wool-copy,,,,,,,,,34,,,long,,,dbu-038-a,,,4000.0,shopify,deny,manual,599.99,1200.00,true,true,"",https://cdn.shopify.com/s/files/1/0604/0410/5259/files/DBU038A3.jpg?v=1748714261,3,"",,,,,,,,,,,,,,,,,,,,,,,,,kg,,400.00,,,,
double-breasted-navy-birds-eye-fabric-100-wool-copy,,,,,,,,,34,,,long,,,dbu-037-a,,,4000.0,shopify,deny,manual,599.99,1200.00,true,true,"",https://cdn.shopify.com/s/files/1/0604/0410/5259/files/DBU038A2.jpg?v=1748714261,4,"",,,,,,,,,,,,,,,,,,,,,,,,,kg,,400.00,,,,
double-breasted-navy-birds-eye-fabric-100-wool-copy,,,,,,,,,36,,,long,,,dbu-038-a,,,4000.0,shopify,deny,manual,599.99,1200.00,true,true,"",https://cdn.shopify.com/s/files/1/0604/0410/5259/files/DBU038A1.png?v=1748714261,5,"",,,,,,,,,,,,,,,,,,,,,,,,,kg,,400.00,,,,
double-breasted-navy-birds-eye-fabric-100-wool-copy,,,,,,,,,36,,,long,,,dbu-037-a,,,4000.0,shopify,deny,manual,599.99,1200.00,true,true,"",https://cdn.shopify.com/s/files/1/0604/0410/5259/files/IMG_8796.jpg?v=1748716647,6,"",,,,,,,,,,,,,,,,,,,,,,,,,kg,,400.00,,,,
double-breasted-navy-birds-eye-fabric-100-wool-copy,,,,,,,,,38,,,long,,,dbu-038-a,,,4000.0,shopify,deny,manual,599.99,1200.00,true,true,"",https://cdn.shopify.com/s/files/1/0604/0410/5259/files/IMG_8797.jpg?v=1748716647,7,"",,,,,,,,,,,,,,,,,,,,,,,,,kg,,400.00,,,,
double-breasted-navy-birds-eye-fabric-100-wool-copy,,,,,,,,,38,,,long,,,dbu-037-a,,,4000.0,shopify,deny,manual,599.99,1200.00,true,true,"",https://cdn.shopify.com/s/files/1/0604/0410/5259/files/IMG_8798.jpg?v=1748716647,8,"",,,,,,,,,,,,,,,,,,,,,,,,,kg,,400.00,,,,
double-breasted-navy-birds-eye-fabric-100-wool-copy,,,,,,,,,40,,,long,,,dbu-038-a,,,4000.0,shopify,deny,manual,599.99,1200.00,true,true,"",https://cdn.shopify.com/s/files/1/0604/0410/5259/files/IMG_8799.jpg?v=1748716647,9,"",,,,,,,,,,,,,,,,,,,,,,,,,kg,,400.00,,,,
double-breasted-navy-birds-eye-fabric-100-wool-copy,,,,,,,,,40,,,long,,,dbu-037-a,,,4000.0,shopify,deny,manual,599.99,1200.00,true,true,"",,,,,,,,,,,,,,,,,,,,,,,,,,,,kg,,400.00,,,,
double-breasted-navy-birds-eye-fabric-100-wool-copy,,,,,,,,,42,,,long,,,dbu-038-a,,,4000.0,shopify,deny,manual,599.99,1200.00,true,true,"",,,,,,,,,,,,,,,,,,,,,,,,,,,,kg,,400.00,,,,
double-breasted-navy-birds-eye-fabric-100-wool-copy,,,,,,,,,42,,,long,,,dbu-037-a,,,4000.0,shopify,deny,manual,599.99,1200.00,true,true,"",,,,,,,,,,,,,,,,,,,,,,,,,,,,kg,,400.00,,,,
double-breasted-navy-birds-eye-fabric-100-wool-copy,,,,,,,,,44,,,long,,,dbu-038-a,,,4000.0,shopify,deny,manual,599.99,1200.00,true,true,"",,,,,,,,,,,,,,,,,,,,,,,,,,,,kg,,400.00,,,,
double-breasted-navy-birds-eye-fabric-100-wool-copy,,,,,,,,,44,,,long,,,dbu-037-a,,,4000.0,shopify,deny,manual,599.99,1200.00,true,true,"",,,,,,,,,,,,,,,,,,,,,,,,,,,,kg,,400.00,,,,
double-breasted-navy-birds-eye-fabric-100-wool-copy,,,,,,,,,46,,,long,,,dbu-038-a,,,4000.0,shopify,deny,manual,599.99,1200.00,true,true,"",,,,,,,,,,,,,,,,,,,,,,,,,,,,kg,,400.00,,,,
double-breasted-navy-birds-eye-fabric-100-wool-copy,,,,,,,,,46,,,long,,,dbu-037-a,,,4000.0,shopify,deny,manual,599.99,1200.00,true,true,"",,,,,,,,,,,,,,,,,,,,,,,,,,,,kg,,400.00,,,,
double-breasted-navy-birds-eye-fabric-100-wool-copy,,,,,,,,,48,,,long,,,dbu-038-a,,,4000.0,shopify,deny,manual,599.99,1200.00,true,true,"",,,,,,,,,,,,,,,,,,,,,,,,,,,,kg,,400.00,,,,
double-breasted-navy-birds-eye-fabric-100-wool-copy,,,,,,,,,48,,,long,,,dbu-037-a,,,4000.0,shopify,deny,manual,599.99,1200.00,true,true,"",,,,,,,,,,,,,,,,,,,,,,,,,,,,kg,,400.00,,,,
double-breasted-navy-birds-eye-fabric-100-wool-copy,,,,,,,,,50,,,long,,,dbu-038-a,,,4000.0,shopify,deny,manual,599.99,1200.00,true,true,"",,,,,,,,,,,,,,,,,,,,,,,,,,,,kg,,400.00,,,,
double-breasted-navy-birds-eye-fabric-100-wool-copy,,,,,,,,,50,,,long,,,dbu-037-a,,,4000.0,shopify,deny,manual,599.99,1200.00,true,true,"",,,,,,,,,,,,,,,,,,,,,,,,,,,,kg,,400.00,,,,
double-breasted-navy-birds-eye-fabric-100-wool-copy,,,,,,,,,52,,,long,,,dbu-038-a,,,4000.0,shopify,deny,manual,599.99,1200.00,true,true,"",,,,,,,,,,,,,,,,,,,,,,,,,,,,kg,,400.00,,,,
double-breasted-navy-birds-eye-fabric-100-wool-copy,,,,,,,,,52,,,long,,,dbu-037-a,,,4000.0,shopify,deny,manual,599.99,1200.00,true,true,"",,,,,,,,,,,,,,,,,,,,,,,,,,,,kg,,400.00,,,,
double-breasted-navy-birds-eye-fabric-100-wool-copy,,,,,,,,,54,,,long,,,dbu-038-a,,,4000.0,shopify,deny,manual,599.99,1200.00,true,true,"",,,,,,,,,,,,,,,,,,,,,,,,,,,,kg,,400.00,,,,
double-breasted-navy-birds-eye-fabric-100-wool-copy,,,,,,,,,54,,,long,,,dbu-037-a,,,4000.0,shopify,deny,manual,599.99,1200.00,true,true,"",,,,,,,,,,,,,,,,,,,,,,,,,,,,kg,,400.00,,,,
double-breasted-navy-birds-eye-fabric-100-wool-copy,,,,,,,,,long,,,long,,,dbu-038-a,,,4000.0,shopify,deny,manual,599.99,1200.00,true,true,"",,,,,,,,,,,,,,,,,,,,,,,,,,,,kg,,400.00,,,,
double-breasted-navy-birds-eye-fabric-100-wool-copy,,,,,,,,,long,,,long,,,dbu-037-a,,,4000.0,shopify,deny,manual,599.99,1200.00,true,true,"",,,,,,,,,,,,,,,,,,,,,,,,,,,,kg,,400.00,,,,
york-roundtree-100-silk-tie,York & Roundtree 100% Silk Tie,"<p>Elevate your professional attire with this York &amp; Roundtree 100% Silk Tie. Crafted from premium pure silk, this tie offers exceptional drape and a refined luster that distinguishes quality neckwear. The superior construction ensures durability while maintaining the luxurious hand-feel that silk connoisseurs demand. An essential addition to any discerning gentleman's wardrobe.</p>",Blessed&Dressed,Apparel & Accessories > Clothing Accessories > Neckties,"","",true,Title,Default Title,,,,,,,,"",0.0,shopify,deny,manual,30.00,50.00,true,true,"",https://cdn.shopify.com/s/files/1/0604/0410/5259/files/IMG_8651.jpg?v=1748487274,1,"",false,,,,,,,,,,,,,,,,,,,,,,,,lb,,15.00,true,,,active
york-roundtree-100-silk-tie,,,,,,,,,,,,,,,,,,,,,,,,,,,https://cdn.shopify.com/s/files/1/0604/0410/5259/files/IMG_8652.jpg?v=1748487277,2,"",,,,,,,,,,,,,,,,,,,,,,,,,,,,,,,
york-roundtree-100-silk-tie,,,,,,,,,,,,,,,,,,,,,,,,,,,https://cdn.shopify.com/s/files/1/0604/0410/5259/files/IMG_8653.jpg?v=1748487270,3,"",,,,,,,,,,,,,,,,,,,,,,,,,,,,,,,
york-roundtree-100-silk-tie,,,,,,,,,,,,,,,,,,,,,,,,,,,https://cdn.shopify.com/s/files/1/0604/0410/5259/files/IMG_8686.jpg?v=1748486392,4,"",,,,,,,,,,,,,,,,,,,,,,,,,,,,,,,
